,Np,Nt,Kp,Kt,lp,Rg,E2E,zd,lb,sd_lp,sd_Rg,sd_zd
0,8.0,8.0,0.25,0.25,1.2109248559704309,1.5036199430987336,4.0067856867365546,4.577478272727273,0.9513529729101277,0.123686782503148,0.03640330449906194,1.0661255347958103
1,8.0,8.0,0.25,1.0,0.7559015632208491,1.2917883498445968,2.9535239484666564,3.7173159090909094,0.9501852570546271,0.05180308141671915,0.05065208743425256,0.9244462145060837
2,8.0,8.0,0.25,4.0,0.960982411023523,1.3591755367254719,3.1674505432881603,4.2352497181818185,0.9485867042167319,0.10103977355273158,0.026005666205523727,0.9331007829337883
3,8.0,8.0,0.25,16.0,0.8433924695787682,1.4082589320824055,3.816754860600574,5.450483636363636,0.9527140142965396,0.15603273922620303,0.02260209090440073,1.3330182214815625
4,8.0,8.0,0.25,64.0,0.5449753524913459,1.338291836426401,3.716068023688003,7.469266363636362,0.9527530126783672,0.19718567899686718,0.021265958105645175,0.6619797986381144
5,8.0,8.0,1.0,0.25,1.2132543491557473,1.452981644580534,3.4904303375635704,4.131273272727273,0.9460222221065917,0.11663681265931254,0.05360820462110965,0.9826393502163715
6,8.0,8.0,1.0,1.0,0.9484858668782586,1.4284178501143912,3.6183242649249676,4.317896490909091,0.9561148803291726,0.07243076644500375,0.02178470950670562,1.0893897056833122
7,8.0,8.0,1.0,4.0,1.1205106757488001,1.4131613386954918,3.1818359541148196,3.9739386545454547,0.9565498292671344,0.10536350567433987,0.04808490622906918,1.619024276522946
8,8.0,8.0,1.0,16.0,0.7969192599320037,1.2925371514732036,3.102113177858362,6.295393818181819,0.9543367027444987,0.038296265873880984,0.016421476315953594,1.4298062331710812
9,8.0,8.0,1.0,64.0,0.7052662219295275,1.2446386445162274,3.028147386557791,7.371417272727272,0.9508255739073805,0.035580992433011036,0.022692201850719393,0.9392476311204032
10,8.0,8.0,4.0,0.25,1.8278064972882613,1.613925978929921,4.230828773225866,3.807652372727273,0.954065092147679,0.09049746279819315,0.0335347336506014,0.9523775331325703
11,8.0,8.0,4.0,1.0,2.6550339137963146,1.7416674344648726,4.7931676701284225,4.199074909090908,0.9547078461379126,0.25825661555257906,0.057460840051272395,1.2851705176573018
12,8.0,8.0,4.0,4.0,1.4281528267508201,1.4940276309660583,3.5046536483432686,4.430205263636363,0.9469308728482334,0.17869552511587827,0.04145102459046799,1.123329499507264
13,8.0,8.0,4.0,16.0,1.0587757347492444,1.348400621472072,3.150071145458465,5.859246181818182,0.9569160198175124,0.13395309139293884,0.021551551604761108,1.0135898769163196
14,8.0,8.0,4.0,64.0,1.1422923629332156,1.3874827638485818,3.3879993545222593,7.850111818181818,0.9552977878567033,0.11161749616904848,0.008528824589395419,0.8486159849995133
15,8.0,8.0,16.0,0.25,7.146348618603612,1.9897698970780553,5.773668827013265,3.7125287309090917,0.953413041435721,0.2541738664747076,0.01259988748840627,0.9999501567711121
16,8.0,8.0,16.0,1.0,6.351076208415762,1.963555468174418,5.641886584419135,4.401007036363636,0.9492690918263849,0.18260956971797643,0.009345678830310676,1.136029098357854
17,8.0,8.0,16.0,4.0,5.603680370348986,1.9279784373563364,5.510082576185951,4.570865709090909,0.9428742990099325,0.19080421829415556,0.019997709418770975,1.200765933571073
18,8.0,8.0,16.0,16.0,3.7516393261286662,1.8313950109329873,5.131071399339845,5.235900614545454,0.9521629980608887,0.15242739625966822,0.012056663648997473,1.38025840991881
19,8.0,8.0,16.0,64.0,1.9615187731329016,1.5961248788300006,4.21689358975196,7.483135454545455,0.9528684171195825,0.19416846611729321,0.032942117674512356,0.9945980075420475
20,8.0,8.0,64.0,0.25,30.027977276616213,2.1342044649946534,6.43603979942348,4.502467454545454,0.9521838061563326,0.989480047962079,0.001858843406923643,0.7826484181663232
21,8.0,8.0,64.0,1.0,26.25088911305157,2.123452637277309,6.392547972295313,3.976049818181818,0.9540508626815282,1.0180061221679584,0.0019531423772458107,0.9844136233556241
22,8.0,8.0,64.0,4.0,31.30200898762743,2.130704163907401,6.447107465524026,4.652657481818182,0.9520204306091882,1.7322875519638685,0.0015818890399048172,1.0251988505363019
23,8.0,8.0,64.0,16.0,27.304904529541886,2.0999883884457873,6.347670197417534,5.989539818181819,0.9412032209591686,0.507243936677736,0.0007176698543339514,1.2591331504040113
24,8.0,8.0,64.0,64.0,6.518389917402914,1.9492285828259737,5.700169380775202,7.193514545454547,0.9462117681505728,0.4126917307606411,0.0031757484909613986,0.9688083916887859
25,8.0,32.0,0.25,0.25,0.8631952636247705,1.344438552659792,3.0426422748268376,10.654919090909091,0.9472364273073194,0.0590584202789173,0.025949498631246425,3.782659075985508
26,8.0,32.0,0.25,1.0,0.9873035490808494,1.4463448195387492,3.9256461380729264,7.812306363636364,0.961805526487182,0.144094078425356,0.037536845756873265,2.495707790668803
27,8.0,32.0,0.25,4.0,0.9440959667023987,1.38504800715941,3.421893334036632,9.866022090909091,0.9524619034804466,0.05677828325574041,0.04753286456771399,5.2169753064801565
28,8.0,32.0,0.25,16.0,0.7568044019274499,1.3248080260346873,3.583190564324973,10.303125727272729,0.9555555772071,0.14616086732372946,0.013539588700905948,4.293471513349755
29,8.0,32.0,0.25,64.0,0.7517141959748602,1.3105322084549498,3.24050110746096,25.979079090909092,0.9479246233775871,0.11101601502813138,0.02179302483510774,1.9681942449752565
30,8.0,32.0,1.0,0.25,1.0106671819621995,1.396253356659091,3.538704343689329,8.815476363636364,0.9512061964095786,0.1115887367330978,0.030772132768547747,2.464542008245134
31,8.0,32.0,1.0,1.0,1.0333021260404862,1.4023003259556475,3.332629269906552,8.074040909090908,0.9603994649954453,0.09049969030018758,0.026521687415818552,2.310407534709976
32,8.0,32.0,1.0,4.0,0.9222027269476382,1.3963867940498473,3.4279626720589587,7.23332,0.9539644725139649,0.11405262444278054,0.04510663885126006,2.7278566755238445
33,8.0,32.0,1.0,16.0,1.0234114225969653,1.384088068419912,3.4447692861995978,11.098254090909093,0.955462740395029,0.05687072550427353,0.029025813693284327,5.8955768955150605
34,8.0,32.0,1.0,64.0,0.699567676523449,1.3091630886298191,3.209800338340555,26.62893181818182,0.9604410625283506,0.07828069066466968,0.018804893977180322,2.247640809102324
35,8.0,32.0,4.0,0.25,1.6958375921686648,1.56265690266347,3.8309184762972026,8.356992727272727,0.9524671688885423,0.06634858851165708,0.0658578036711045,2.651288021739591
36,8.0,32.0,4.0,1.0,1.736597716670535,1.5977613863587157,4.176703188441662,10.495625454545454,0.953691194826093,0.035827888481296886,0.01851669853152383,3.9481993964553324
37,8.0,32.0,4.0,4.0,2.0114412458201154,1.6528745163755756,4.40172211784003,10.336732181818181,0.9444493991770625,0.07686027347157771,0.035532737244074075,3.930190425715038
38,8.0,32.0,4.0,16.0,1.280913240986658,1.4890383703663745,3.9682186075770547,12.674222272727274,0.959626002354999,0.0743473976400499,0.020112428645953175,6.027872053116409
39,8.0,32.0,4.0,64.0,1.1441726730358883,1.372036929256203,3.24949913426079,27.066940000000002,0.9543216002900428,0.12267807050998619,0.05213972092743344,2.887529137502732
40,8.0,32.0,16.0,0.25,10.548452371722174,2.0386687493855353,6.029705916924036,6.214634545454547,0.9521683293971682,0.37907858968000385,0.01192155633339354,2.7342995970561015
41,8.0,32.0,16.0,1.0,6.241800189301907,1.9672552453440892,5.6192896043374745,6.398128181818181,0.960344046461036,0.42248416343411893,0.03728564210473586,2.5643895141687256
42,8.0,32.0,16.0,4.0,7.2050333893189675,1.9701968703755428,5.810505687322853,6.870385454545455,0.9461763877790235,0.5851463503096302,0.017720462881421536,2.728982452681397
43,8.0,32.0,16.0,16.0,3.498298623720175,1.8052599470110664,5.037767925998188,17.988769363636365,0.9509488526524759,0.16397244341885397,0.021326388359295376,5.256298958628284
44,8.0,32.0,16.0,64.0,1.4553679422124226,1.412673518812383,3.116595557884659,25.379723636363636,0.9544138126315861,0.4343831636167402,0.010264450816053209,3.1628324456562456
45,8.0,32.0,64.0,0.25,40.75532825697957,2.1524045369875218,6.494082423889517,7.66115,0.9545235846579347,2.0213137414077367,0.0007043815125625783,2.824053489810186
46,8.0,32.0,64.0,1.0,27.320479952055297,2.123150734874986,6.420488605610502,8.545591818181817,0.9515175196606103,1.9394786689317791,0.0024370316547703184,2.1761691391058497
47,8.0,32.0,64.0,4.0,33.745601970276326,2.128706591423302,6.447381026583698,7.660228909090909,0.9502193146143607,0.6781605261508897,0.000895642800348087,3.726597894637107
48,8.0,32.0,64.0,16.0,19.64957589962975,2.11218987184915,6.323914194889781,12.373776363636363,0.9542151480504091,0.4079448590242811,0.0012815520793329031,6.664167390386879
49,8.0,32.0,64.0,64.0,5.845512633174684,1.9357655289467253,5.617583193780278,26.504549999999995,0.9517819034886217,0.4836095726478876,0.010779344541406985,2.4828637347224674
50,8.0,64.0,0.25,0.25,0.9629192285984315,1.3783071223137664,3.3635283735501136,11.389472727272727,0.9466242048500045,0.08399342978269891,0.042894090332721804,4.095738746793241
51,8.0,64.0,0.25,1.0,0.7117636893362915,1.3421959730836208,3.263794772657897,8.0009,0.9646128186686974,0.09145946499690616,0.020610075642474676,2.9170507818062346
52,8.0,64.0,0.25,4.0,1.0111432365600008,1.391386988626391,3.2192169838546465,15.210018181818183,0.957418441290159,0.08236014235791957,0.03894780558507265,3.061921697775073
53,8.0,64.0,0.25,16.0,0.7227426636938483,1.281336851795231,2.951780587968128,20.177062727272727,0.9521990874445527,0.021265187092720437,0.030679714067518148,6.539494731329979
54,8.0,64.0,0.25,64.0,0.6236737193919698,1.2474735741769236,2.9937329265588177,46.9379440909091,0.9682978627900162,0.104413674709797,0.013887478134674763,6.535566620161359
55,8.0,64.0,1.0,0.25,0.9132889567729224,1.3390333037047746,2.9145527491576426,11.024790909090909,0.9517237206142728,0.1498187908109413,0.019956577895680734,3.8429915810128352
56,8.0,64.0,1.0,1.0,1.0067049011638682,1.3904908485303564,3.1335555690834793,12.565030909090911,0.9640254358625715,0.09694379581647605,0.018509453355385185,4.66658627530087
57,8.0,64.0,1.0,4.0,1.1158810974284414,1.46350327969634,3.503462782673289,13.950745454545455,0.9568660574433003,0.06321776227392273,0.04366701786147173,3.641555010597343
58,8.0,64.0,1.0,16.0,0.8445871889839905,1.3212336880551947,3.210778643675285,35.830605454545456,0.9518016269481642,0.027255618931022664,0.013803734032504135,3.10750903681086
59,8.0,64.0,1.0,64.0,0.7384183428428809,1.3039056801440363,3.22398628424487,53.05551818181819,0.9607390177995055,0.05476619937561534,0.00911595915747953,3.1171012766287087
60,8.0,64.0,4.0,0.25,2.0079917402987713,1.6430452568976053,4.262634477748964,12.316918181818181,0.947815014742878,0.06273012097609199,0.05376451159262229,4.365994421105456
61,8.0,64.0,4.0,1.0,1.780896107637885,1.5893703621330457,3.859992248626423,14.501127272727274,0.9488799147050734,0.123735868154965,0.0556612163194125,3.7446888791972395
62,8.0,64.0,4.0,4.0,2.117390577789862,1.6346665221491739,4.337361016787088,17.08526363636364,0.9452971590307117,0.07531605575751286,0.05850978119659166,4.239267992670159
63,8.0,64.0,4.0,16.0,1.0620111470122173,1.4005646542282473,3.3225168464314394,37.290540909090915,0.9599834497471353,0.03395454971097542,0.016346676445419588,3.655000473651143
64,8.0,64.0,4.0,64.0,1.0092549305625942,1.321415242368819,2.858166119149488,52.11903636363636,0.9619408939952203,0.16818126515754583,0.024177978795723067,2.9097569927503404
65,8.0,64.0,16.0,0.25,8.231066718340436,2.0322194003621576,5.900520859370013,7.372654545454545,0.9613001956559681,0.18476304390310988,0.004693196034141379,3.0340739561800807
66,8.0,64.0,16.0,1.0,6.177554760089818,1.9640276564087775,5.661869205053609,14.338954545454545,0.957590357040241,0.20935121565574194,0.009205428726864346,2.0483350411153824
67,8.0,64.0,16.0,4.0,6.733700023705421,1.9626329137235452,5.639984927424181,7.602045454545455,0.9527099743673032,0.25166291193273727,0.028308639243788236,3.4373021856110655
68,8.0,64.0,16.0,16.0,3.1905655299723557,1.7875767879768345,5.008027343308595,31.330604818181826,0.95437295094391,0.12738858604118006,0.017151255152967528,4.017593706465845
69,8.0,64.0,16.0,64.0,1.4767071909225475,1.4062223022277538,3.124124784527679,49.63108181818182,0.9485702535445346,0.4318750175593134,0.011591395923641555,3.8547663388254993
70,8.0,64.0,64.0,0.25,28.503341224705643,2.1370598838301684,6.444644459793651,7.479799999999998,0.9565565770703117,0.6011574866668555,0.0026210843987707058,3.3651959645762086
71,8.0,64.0,64.0,1.0,33.75589794312543,2.1243225980975002,6.429636512480817,14.0231,0.949023054823119,1.382692331696619,0.0004483248790158737,2.98507182858607
72,8.0,64.0,64.0,4.0,19.90217878636226,2.116960749125178,6.318405814468321,8.357045454545455,0.9531125694553099,0.6677400137403993,0.003470035099191124,3.5404430915208223
73,8.0,64.0,64.0,16.0,21.95009181154242,2.1203744737304375,6.3746713836179145,29.94200727272727,0.9570731997379824,0.5857243810924062,0.00287523807592145,9.974563428354868
74,8.0,64.0,64.0,64.0,5.8659140918674035,1.932616149211792,5.558083408361349,41.57475427272727,0.9486618969228416,0.6267105819810327,0.015253136041801584,5.897422519473186
75,8.0,128.0,0.25,0.25,0.998034595915239,1.3825136890836363,3.1299480358331424,40.51997272727273,0.9630391287193832,0.0654960518739962,0.037864324240240735,5.830257146533996
76,8.0,128.0,0.25,1.0,0.9970022466655791,1.369412467975292,3.024814794689382,33.2092090909091,0.9505527368135757,0.07711913597208785,0.03507660016708065,2.8129617592509613
77,8.0,128.0,0.25,4.0,0.958386556368891,1.4187845848381182,3.5744673713826614,44.22430545454545,0.9504679500750298,0.07530751682789703,0.023054452366118253,6.484584660501135
78,8.0,128.0,0.25,16.0,0.8722401836138605,1.3169369560246507,3.106337561827557,75.19653727272727,0.95919672601111,0.0798775868063665,0.011456057806080154,4.649956125269239
79,8.0,128.0,0.25,64.0,0.7196922154493767,1.3119879472393985,3.315157117584842,81.44648000000001,0.9619727875450276,0.06587663614261313,0.02601434908381584,8.2243453490177
80,8.0,128.0,1.0,0.25,0.9440859801464601,1.3524633210229071,2.847676698473584,40.28204545454546,0.9570841917372915,0.10119765234133792,0.04096720822146002,6.730555817026978
81,8.0,128.0,1.0,1.0,0.9876150665165861,1.418102797049109,3.3362725986450585,46.02228909090909,0.9499884787784504,0.03250868512942472,0.03339461231863305,4.686562979927449
82,8.0,128.0,1.0,4.0,0.8404928593051293,1.312890055132681,3.154896332427836,56.38361716363636,0.9548867506248301,0.11211334651218725,0.025171107392172713,8.358112888447035
83,8.0,128.0,1.0,16.0,0.8027393364997422,1.3504280170888043,3.2307542264007725,78.54502727272728,0.9600147032631436,0.07519823909466312,0.015034319431874004,2.693009228317206
84,8.0,128.0,1.0,64.0,0.7706233908596726,1.2851661926431328,3.0597178868226553,101.79807272727273,0.9542173582020224,0.055141908003245546,0.01259690312602575,5.385135055804654
85,8.0,128.0,4.0,0.25,1.9611055117365042,1.6298041039151963,4.254127969951707,27.770890909090916,0.9577609284065368,0.0668107410050056,0.03480801288221081,5.443114656894449
86,8.0,128.0,4.0,1.0,1.9792810250461343,1.6345256960500385,4.345443567571892,45.503645454545456,0.9499114002995065,0.1015625653770042,0.04548698170027199,4.58604092979468
87,8.0,128.0,4.0,4.0,1.903213773967759,1.617535596075689,4.322415149930956,52.82053727272728,0.9511443192020874,0.05925026137594672,0.03238198824977878,8.560164538503697
88,8.0,128.0,4.0,16.0,1.257408285327208,1.432174310662126,3.5383611151524534,84.92305454545455,0.9519896530122124,0.13720841196498357,0.013393816909944628,6.708245344941838
89,8.0,128.0,4.0,64.0,1.2460245767079632,1.4107146825708419,3.650766264311524,93.46537272727274,0.9611310104057793,0.08312495221743553,0.02573772783840935,6.2220971263116915
90,8.0,128.0,16.0,0.25,6.887112661679791,1.9903885607768856,5.79043282972052,32.35518181818182,0.9581092039536752,0.2857497522104204,0.010516185633177515,5.558999679605248
91,8.0,128.0,16.0,1.0,5.416743074368471,1.91383558045725,5.505919271654329,37.37835454545455,0.9424579026831255,0.17738425852857037,0.01079748097840349,4.723068181973478
92,8.0,128.0,16.0,4.0,5.764509639295,1.9330103277835802,5.534416757167841,49.28762181818181,0.9506689469626926,0.21700689517557695,0.01773000974916328,5.728621035855945
93,8.0,128.0,16.0,16.0,3.8092932333104894,1.8302908225054713,5.174092785856456,75.07948,0.9536360833654516,0.18425542827798652,0.015827103843462396,11.29889314561306
94,8.0,128.0,16.0,64.0,1.8125356347798012,1.5601842130162853,4.081805596947273,107.07799090909093,0.9570264131935713,0.2513607846008908,0.005056567285308765,1.7549585700650117
95,8.0,128.0,64.0,0.25,34.14301791948189,2.1415378016471855,6.475824389671629,37.6984,0.9546367792261876,0.8762423882810891,0.0010168475131123766,2.2937198695568726
96,8.0,128.0,64.0,1.0,33.29618725541776,2.1467913411026283,6.49221343798576,35.80514545454545,0.9567541252369989,0.8364709034623391,0.0003128693085207181,2.690942088956153
97,8.0,128.0,64.0,4.0,24.085876025951073,2.1437997235269686,6.438355835629903,54.91115781818182,0.9610436080270989,0.5516931222719561,0.0023400909793007967,7.653995133115322
98,8.0,128.0,64.0,16.0,22.06833229062801,2.106966933535499,6.341767676590667,80.8812,0.9497428984757602,0.2748487266329915,0.006007047471390393,4.437492473745218
99,8.0,128.0,64.0,64.0,5.782316988385068,1.9420985315158164,5.5984085848260134,93.39470909090909,0.9549049133453114,0.5977487290698275,0.006460334653007837,6.418188875723649
100,32.0,8.0,0.25,0.25,1.1567875150851559,3.5073140579650084,8.985980092465265,5.155316363636364,0.9527072752103276,0.07079782440021046,0.8396743626858876,1.9370723860894858
101,32.0,8.0,0.25,1.0,1.166557338631717,3.4195024531801974,8.436946198990434,5.734025454545455,0.9543207367759179,0.07634617264440677,0.42854330668682333,1.3256096317088748
102,32.0,8.0,0.25,4.0,1.0949921394159248,3.499522525323003,7.984315065968601,5.769524545454545,0.9560509503690588,0.05316256156236965,0.3196098880979499,1.4102694377920297
103,32.0,8.0,0.25,16.0,1.1204464907364682,3.512043113649455,7.924621944561912,6.480568181818183,0.9526744703896958,0.0852834031985449,0.24633713010118638,1.3485411965313292
104,32.0,8.0,0.25,64.0,1.1127337560226735,3.8048640226662034,10.157017383283302,8.195926363636364,0.9577798272313531,0.09628299682046786,0.29020097609127177,1.1316322871070534
105,32.0,8.0,1.0,0.25,1.2855697511465034,3.698238455744209,9.883337512333359,5.230340909090909,0.95347938799465,0.07138881767986231,0.5184140328111261,0.8606560716786672
106,32.0,8.0,1.0,1.0,1.2487566035516975,3.4231805698568154,6.654261090314917,5.8909436363636365,0.9540335557477805,0.08485314329834448,0.41812346285637025,1.1158147112334373
107,32.0,8.0,1.0,4.0,1.2235461679079134,3.5017518609213782,8.18352345922702,5.638577272727274,0.9524508871998475,0.056210001148413805,0.5260537789794129,1.3125034102472815
108,32.0,8.0,1.0,16.0,1.1909703910525669,3.542152842725248,8.30203814224396,7.081446363636363,0.9516727238794589,0.04667964130931441,0.13382316098765326,1.6536193793850162
109,32.0,8.0,1.0,64.0,1.0757222736668686,3.361300454172465,8.267763062216664,7.67198,0.9573214569256554,0.05110678881854976,0.24103857455316496,1.8587056764025092
110,32.0,8.0,4.0,0.25,2.065463227341583,4.138149405867342,10.465663210294757,4.875904545454546,0.9543977574631521,0.04916307212711575,0.7468542697639221,1.5491914750625926
111,32.0,8.0,4.0,1.0,2.1336897005274635,4.317100960930211,10.3256768596042,6.289120909090908,0.9512709717326937,0.08622976952679583,0.99124318890138,1.545970008543942
112,32.0,8.0,4.0,4.0,2.4319945314012457,4.475787311944054,11.171165324310355,6.455404545454545,0.9512473707030865,0.07578303725592468,0.3628455877810465,1.3199812336363217
113,32.0,8.0,4.0,16.0,1.7724707431681985,3.8297039376091075,8.532222820024746,6.572163636363635,0.9531330185201488,0.060928936889464665,0.28075510714538104,1.9918280697675816
114,32.0,8.0,4.0,64.0,2.06460266001176,4.101182430695554,11.137686106393078,9.278464545454545,0.9574897824494212,0.0928337628175085,0.5693416393885112,1.427227460825318
115,32.0,8.0,16.0,0.25,7.067200474926541,6.171287380880398,16.227851884250807,5.493543636363635,0.9526605878545362,0.2495979929083212,0.8087375048489825,1.2378223818484455
116,32.0,8.0,16.0,1.0,5.60191277523922,5.6407113876510495,13.859588494629225,5.801629999999999,0.9516299373252977,0.35567617120128064,0.7630638779194849,1.9498082928702125
117,32.0,8.0,16.0,4.0,5.723377986823891,5.72082756027443,13.692135988850595,5.939872727272728,0.9511419875084667,0.45911482798816644,0.736310582089316,1.1520095593912953
118,32.0,8.0,16.0,16.0,5.683474885961645,5.801497344049016,15.693838135248303,8.60748727272727,0.9590199487994157,0.0956461244516921,1.093339130177753,2.574237566235843
119,32.0,8.0,16.0,64.0,4.325681798080478,4.973491309643885,12.456202001649592,9.837094545454546,0.9529551718358941,0.2514582255513268,0.5366940785743796,1.27522267588031
120,32.0,8.0,64.0,0.25,19.567369718748964,7.644406259395612,23.16199387363695,5.400384545454545,0.9508163029392739,0.3332843713394532,0.3207429953759338,0.5996456805839387
121,32.0,8.0,64.0,1.0,22.736954112262264,7.8111840466620155,24.183092693615393,6.244330909090909,0.9516789197648148,0.42375995299051245,0.137211304076911,1.2364523146005235
122,32.0,8.0,64.0,4.0,41.94628777458342,8.158596396746207,26.55789804221072,5.248714545454546,0.9550469995929952,1.3195048852797464,0.0877926513618496,1.0946770669626198
123,32.0,8.0,64.0,16.0,20.663060093265635,7.694727932972986,23.742804754725793,7.398531818181819,0.9548317884551337,0.35286029591693885,0.38788107529690435,1.40305452904348
124,32.0,8.0,64.0,64.0,14.735142121584131,7.252776540514963,22.3414712896945,8.884027272727273,0.9546337847890713,0.3804305951050821,0.20694501605773796,1.9704400172046983
125,32.0,32.0,0.25,0.25,1.1203629143144795,3.562454667996675,8.833357019395551,9.476905454545456,0.9516243613195393,0.06962249170295803,0.3805206127032541,2.5421584117558758
126,32.0,32.0,0.25,1.0,1.0665471559040762,3.628336161260246,8.690173907379767,11.410073818181818,0.9565381554868627,0.07478977605146235,0.3553936278134073,2.4105987932040236
127,32.0,32.0,0.25,4.0,1.2025931705238793,3.6011496810068566,9.055295876309241,9.005779090909092,0.951633184884744,0.06966852290840998,0.45436302038235926,3.8571108094211817
128,32.0,32.0,0.25,16.0,1.085779554695735,3.505491696191559,9.012492436610357,24.62320363636364,0.9543649886489489,0.07077994094010918,0.474047582478407,1.539420799741802
129,32.0,32.0,0.25,64.0,1.005291596957458,3.3172059229287827,8.717735243110333,26.887667272727274,0.9568045081886524,0.05242010795266011,0.3062545585782042,3.4072220797436374
130,32.0,32.0,1.0,0.25,1.3574680161032313,3.9718468628145107,9.708258361034282,7.505182727272728,0.9523372147721443,0.09677214852458514,0.44394171943216887,1.8098938869853969
131,32.0,32.0,1.0,1.0,1.4219460737107281,3.554354670186269,7.987200510989728,7.490916363636364,0.9551470695671636,0.09121179494906503,0.23161821320517514,2.606471284714513
132,32.0,32.0,1.0,4.0,1.3515371576222306,3.6881783941007384,9.48548267409886,8.902108545454546,0.9562241212410418,0.07698811012455307,0.30558460723063247,3.7082038678406595
133,32.0,32.0,1.0,16.0,1.1601509873800595,3.4523548977297467,7.911951116409967,23.474673636363637,0.9524604004521909,0.07764329711801221,0.2198492076437515,3.3464882772739886
134,32.0,32.0,1.0,64.0,1.0088351117544194,3.2710082578143655,8.317137893286862,28.64633,0.9576645976317172,0.04531402195582258,0.3421498040083169,1.7738443743104202
135,32.0,32.0,4.0,0.25,2.0341878044566326,4.292858156908046,10.0405406708544,11.13135009090909,0.9511250723739905,0.08553095644463284,0.44779325764697053,2.908007645143147
136,32.0,32.0,4.0,1.0,2.2430835733627883,4.277499884831728,10.042520054108293,10.241897090909092,0.951842043915901,0.07304539521855254,0.6630580265943572,3.585331907100106
137,32.0,32.0,4.0,4.0,1.759705950228213,3.758768881575193,9.521007757619566,8.831160818181816,0.9547575867473305,0.07038661024836211,0.38524383915230215,3.7498160144957127
138,32.0,32.0,4.0,16.0,1.7626959476207213,3.8930348829209964,9.963638176055271,19.543401181818183,0.9526702496219539,0.07463042099572284,0.975725163704822,5.660309927895064
139,32.0,32.0,4.0,64.0,1.9381444803080743,4.145375040486593,11.160615956404332,27.418219999999998,0.9548650714656469,0.08219580359919341,0.7948884616185015,2.057263508304175
140,32.0,32.0,16.0,0.25,7.635731529268535,6.411111606397234,17.807572597489948,8.367000909090907,0.9538308276144529,0.10831146921260747,0.42112126552290585,2.8413766689932496
141,32.0,32.0,16.0,1.0,6.9584811889377916,6.276663036307713,18.609626837588607,8.983329999999999,0.9524890042786581,0.3582546588820871,0.5122997497342856,2.125810780949236
142,32.0,32.0,16.0,4.0,4.811291093312007,5.640111087444802,14.211308035953056,11.409433636363637,0.9536195982934619,0.17455643024890374,0.26111434027984787,2.487221289578439
143,32.0,32.0,16.0,16.0,5.89826491879843,5.799645304119332,15.437030292999497,22.329105454545456,0.9532690599271688,0.1563466214604484,1.0751214937411981,2.730942057716826
144,32.0,32.0,16.0,64.0,4.6272324839106,5.382786993518892,14.454984173557891,26.67558181818182,0.9531641532150471,0.07853716400953406,0.5385537655134779,3.9446405820344475
145,32.0,32.0,64.0,0.25,22.376661492988525,7.75927160517594,24.191831929874652,10.936157272727272,0.9541044564031373,0.28661301438307046,0.2901059958804379,1.918086396338766
146,32.0,32.0,64.0,1.0,29.78060403155424,7.998991894317465,25.167899128412603,9.956004545454546,0.9505352989110724,0.3147551219296637,0.15022856233938178,2.1766550029193614
147,32.0,32.0,64.0,4.0,28.58918188624294,7.980434861105842,24.940659657677987,13.009260727272727,0.9504335562874255,0.4590536220271623,0.1284344485209364,3.153410508025444
148,32.0,32.0,64.0,16.0,30.25975998659671,7.975320335926491,25.460300280508037,18.65137481818182,0.952569087539461,0.4279331351433694,0.09900965352456935,4.760915980593628
149,32.0,32.0,64.0,64.0,18.767665479663435,7.462265224018915,23.50012197929169,29.11128181818182,0.9553870001091187,0.35913212674780015,0.2872671272374285,2.913913386741798
150,32.0,64.0,0.25,0.25,1.1924442128567985,3.773716985018922,9.987403057435905,13.611072727272727,0.9561107811762873,0.08203162461662668,0.2016049486568197,2.2324280736009503
151,32.0,64.0,0.25,1.0,1.2251069486557031,3.6667445372744343,9.029826494402343,14.106967272727275,0.9557951700895253,0.06980336009408489,0.17565498062554477,4.383684578046379
152,32.0,64.0,0.25,4.0,1.057237466439746,3.451983399409727,8.580118533909568,16.947799999999997,0.9543166218409341,0.06817073178387124,0.22464025390112505,2.519986059846002
153,32.0,64.0,0.25,16.0,1.1193862114833462,3.622947239239813,9.97367529658854,34.52682104345455,0.9570793205264084,0.09536655170662871,0.5101611970661671,2.735771715282142
154,32.0,64.0,0.25,64.0,1.2130911889243101,3.4946480304265464,7.331623927907952,48.34861818181818,0.9590824899525956,0.10507160188224329,0.31964536006655525,3.652746508841154
155,32.0,64.0,1.0,0.25,1.5006547623973021,4.113028823367826,11.095024621228081,14.598390909090908,0.9567360078760405,0.1209898716139328,0.40418331628925624,1.8056099243768755
156,32.0,64.0,1.0,1.0,1.245161413710598,3.4745092126348465,8.598895657421389,10.992972727272727,0.9530013084868527,0.05081427111786704,0.18955595130507347,3.005450182309982
157,32.0,64.0,1.0,4.0,1.215719793726984,3.5238377702143024,8.38924819112741,24.38638945454545,0.9523397449299861,0.06734596416141739,0.5549401072455702,4.346760154482214
158,32.0,64.0,1.0,16.0,1.1844490279511202,3.9267691482660876,11.107903928751243,36.58335909090909,0.9530873042662344,0.12490945257359841,0.36524250457753477,7.300190970699396
159,32.0,64.0,1.0,64.0,1.0714656590430893,3.451486435234199,8.894848930244807,50.16835454545455,0.9554604831862743,0.06033290068267088,0.20245940904893428,2.661599667446641
160,32.0,64.0,4.0,0.25,2.146650976633965,4.315237190116945,11.22510745943224,14.358945454545454,0.9503325499973242,0.05406157966741873,0.26670936052665856,1.9125385145800509
161,32.0,64.0,4.0,1.0,1.6917404330589478,3.655871893820942,8.505419989715673,12.769745454545456,0.9509056981216999,0.04842202590915892,0.3947592630475629,2.9188095142816635
162,32.0,64.0,4.0,4.0,1.78588389785729,4.003898086852545,9.820071038534595,24.850075454545458,0.9552436064789798,0.08187735288224277,0.25016690405748926,2.5993080499113375
163,32.0,64.0,4.0,16.0,1.6326689129329728,3.759692248357885,9.410833390643166,41.48985,0.9530439554279662,0.04555104111998626,0.41436805486263295,5.408030082672516
164,32.0,64.0,4.0,64.0,1.9970186248434174,4.040028266422277,9.862088897368176,45.10585363636364,0.9564134733944217,0.05465827588074965,0.7442870002483059,3.7982217895562003
165,32.0,64.0,16.0,0.25,8.186049304664486,6.520773297220526,18.03967066888296,12.235663636363636,0.9533016288513808,0.09129469296324866,0.7754767412891805,2.8804089776762063
166,32.0,64.0,16.0,1.0,9.384781566602152,6.790290745760916,19.449500065291605,13.265372727272728,0.9510306812020947,0.2734509711657852,0.12406501016807749,2.381441349683731
167,32.0,64.0,16.0,4.0,8.94564797782364,6.657623299626042,18.97891056185838,21.378643636363638,0.952593097317466,0.25071961803743775,0.6882225809392626,4.755696293983138
168,32.0,64.0,16.0,16.0,4.942682124791212,5.441492365621796,14.197954086634986,37.506093,0.9515257425274561,0.14897869874864353,0.7888735474795883,4.434996269688602
169,32.0,64.0,16.0,64.0,5.443041438863257,5.605505998191603,15.603479190073289,51.674445454545456,0.951543959292004,0.06315280092599014,0.5063415484803125,3.2937114543167745
170,32.0,64.0,64.0,0.25,27.474536758297656,7.897964627901095,24.872462154605934,14.333063636363637,0.951474418287084,0.2689637985466719,0.2367542449009604,1.715652939724925
171,32.0,64.0,64.0,1.0,33.46917538155982,8.093889828518355,25.773183658870497,15.923381818181817,0.9541758732688631,0.24682679630524645,0.07902108817696257,3.910009729078382
172,32.0,64.0,64.0,4.0,32.69321104067065,7.9949982452394375,25.675078896940253,24.028977272727275,0.9522746430198631,0.3163576679244352,0.09575016458789681,2.5921173809178084
173,32.0,64.0,64.0,16.0,25.38990948059189,7.875549917250196,24.45958973320695,37.18659909090909,0.9520498196601804,0.4735251603031737,0.1808621765087346,2.8531447631324425
174,32.0,64.0,64.0,64.0,15.253153135552072,7.242130797203705,22.07448577766375,51.64766090909091,0.9522732416167923,0.37762441409236014,0.3688171823486357,5.502342101506256
175,32.0,128.0,0.25,0.25,1.1679415942396205,3.4695804500779803,7.749124282128476,46.22244545454546,0.956034500826577,0.09172581156160707,0.317963291678198,4.470841046230694
176,32.0,128.0,0.25,1.0,1.2012371709768874,3.745917247121076,9.911243261087636,46.85581636363636,0.9534657369398707,0.10694288918915237,0.6720453859621878,6.560534372569014
177,32.0,128.0,0.25,4.0,1.1639408116057688,3.714809205569116,9.893041828658193,61.88945245454545,0.9515955721080415,0.09011040390589414,0.45155392192728416,4.334783424258774
178,32.0,128.0,0.25,16.0,0.9895338363083023,3.420356756951283,8.319028354788449,82.95741818181818,0.9574102607953051,0.07253225490886867,0.22257339373336185,3.525616692107839
179,32.0,128.0,0.25,64.0,1.200393383387953,3.623339489644249,7.92380942613338,101.49986363636363,0.9599318428079151,0.09042358210983793,0.2234573903706689,3.547655933474109
180,32.0,128.0,1.0,0.25,1.4488920746119838,3.8748462006812603,9.78848247393669,47.70273636363636,0.9558814588168876,0.0757804002235928,0.27845959851623203,4.488846338987482
181,32.0,128.0,1.0,1.0,1.4039003923452038,3.9989170919130514,10.114089306818464,50.22542545454546,0.9525113259118628,0.0855542468459924,0.17653779051330462,6.565221878970711
182,32.0,128.0,1.0,4.0,1.1356963577687598,3.6992560661147063,9.287378248197724,53.36738118181818,0.9558500907135786,0.08834907002257959,0.35420569751251335,8.099545297783832
183,32.0,128.0,1.0,16.0,1.121726359645148,3.3875489582933014,9.255756271888039,80.65698818181816,0.9545993706164868,0.05973099725599165,0.1222457632116747,6.440711881936963
184,32.0,128.0,1.0,64.0,1.2016561470884126,3.7474737143202193,9.66875779504954,105.68463636363636,0.9559742607633106,0.09977905537032232,0.24293389801774054,2.8616259844782888
185,32.0,128.0,4.0,0.25,1.77352081763077,4.035155452813229,9.656726820029531,42.00634909090909,0.9562495137868906,0.04177052789157479,0.4991584096050165,7.277914532332426
186,32.0,128.0,4.0,1.0,2.2561356773774803,4.193530066313398,8.796318290213664,52.572751818181814,0.9532235424928543,0.1608202595730891,0.1739292174552611,4.571374708837232
187,32.0,128.0,4.0,4.0,2.289901892417365,4.616361669360376,12.341700605236081,59.76301181818182,0.952274394294029,0.13249503881437633,0.6288050337551145,6.6189601783318
188,32.0,128.0,4.0,16.0,1.66229253292185,3.793479371717132,10.084675730935935,87.88707272727272,0.950618196757808,0.06441714836484795,0.3160417907365185,2.769123147755987
189,32.0,128.0,4.0,64.0,1.9642423034872416,3.93340872301832,9.248245456735036,100.9252,0.9538795000477802,0.08851310210093044,0.5230002088218422,4.053353416841196
190,32.0,128.0,16.0,0.25,7.757901281081984,6.461400822278692,18.236054710316438,49.473590909090916,0.9532598134644359,0.08506859294540384,0.42188522120256666,6.429735011670323
191,32.0,128.0,16.0,1.0,6.3559904350476915,6.127014745979077,15.621658692844507,55.70294361818182,0.9553594660066358,0.21642947327042067,1.0243275543466521,5.0329413780534145
192,32.0,128.0,16.0,4.0,7.705090020932189,6.42636460056705,18.66583818808714,61.625413090909085,0.9572979418741256,0.24504781444899412,0.6670483968563444,6.139097994913975
193,32.0,128.0,16.0,16.0,5.805603217252193,5.686572514414805,15.624356677470773,87.87383636363637,0.9524313590257639,0.07104561965969687,0.7974041781085507,3.475699970384706
194,32.0,128.0,16.0,64.0,3.9496421272925675,4.941369353519224,12.46712375056258,103.87624545454545,0.956180401139203,0.22568668781109633,0.3918533609974863,3.937975899867071
195,32.0,128.0,64.0,0.25,31.360044628039024,8.03180966856097,25.442696401893205,46.90323363636364,0.9549766699582454,0.15714570380848164,0.13955003021644585,6.200186248364235
196,32.0,128.0,64.0,1.0,31.24532143937404,8.023289037562327,25.44580471852487,51.16201727272726,0.9541906840605844,0.27655986645342456,0.153790467984336,6.408110766417382
197,32.0,128.0,64.0,4.0,25.272853652479746,7.865548865891909,24.346271898962115,64.84454904545454,0.955085082236869,0.4583725906672246,0.4326555858893564,4.251977854724606
198,32.0,128.0,64.0,16.0,29.19728049365243,7.954321784511628,25.26260731380358,76.65745181818181,0.9531520408937443,0.5682666618527029,0.23317545989208835,3.8515514818950036
199,32.0,128.0,64.0,64.0,11.322375029961318,6.88481247234821,19.518118510351393,106.24221818181819,0.9532858471300354,0.7021545794316311,0.5462717681482407,2.4205546519973016
200,64.0,8.0,0.25,0.25,1.2203419036624852,5.671323535114088,13.911056039028947,6.799236363636365,0.9542661428606469,0.05628332353585243,1.059309081788769,1.2338542674169994
201,64.0,8.0,0.25,1.0,1.0736285009125104,4.983074644831229,11.474731060519305,6.837227272727272,0.9522581941582982,0.03972777909256978,0.11597276634740043,1.1443388580239124
202,64.0,8.0,0.25,4.0,1.2765165791264155,5.455254509268336,12.24364960758816,7.701572727272727,0.9553795793322422,0.06677871077998869,0.5326867482482224,1.4927283794149366
203,64.0,8.0,0.25,16.0,1.0633163308231175,4.948375363826376,12.257847900135205,7.3792909090909085,0.9521037300664448,0.04591871332718285,0.7250456690445946,1.1562258189743082
204,64.0,8.0,0.25,64.0,1.0299792172672886,5.8020740595216544,14.869926359650417,8.785418181818182,0.9585921508044787,0.06477278115315538,1.4260298400941271,1.2368907593552927
205,64.0,8.0,1.0,0.25,1.215352532392438,5.054620735318575,11.48228587279109,6.6396999999999995,0.9523498051642468,0.0365354349017399,0.523560212602124,0.9634955658717613
206,64.0,8.0,1.0,1.0,1.2617203493183125,5.520479275236453,12.010594490681347,6.341281818181818,0.9570775673923196,0.06028391851579589,1.7469197725378485,1.8759356699661212
207,64.0,8.0,1.0,4.0,1.2749754690617636,5.367307462122277,12.304439739330878,7.548290909090909,0.956649386039524,0.06096300664086375,0.6715272781330678,1.4534239608308914
208,64.0,8.0,1.0,16.0,1.1838593073897896,5.236929835185773,12.695084993282817,7.980581818181818,0.956793068090272,0.03779605339481149,0.6714501071159384,1.0392958987333527
209,64.0,8.0,1.0,64.0,1.218966578827111,5.689482087325842,13.328583539651255,9.007936363636363,0.9556421650615797,0.053349534308239556,0.5461252258598808,1.3198229194394553
210,64.0,8.0,4.0,0.25,2.1427188457885897,5.779873703479192,12.158905112666087,7.555627272727273,0.9545746714688574,0.08441357362999359,0.7607246495949941,1.389174492011784
211,64.0,8.0,4.0,1.0,2.1761581476301597,6.1762032914663,15.074208198144817,7.453900000000002,0.9535918560525247,0.054245734619445936,1.5839126707328517,2.1666294531536137
212,64.0,8.0,4.0,4.0,2.0753246018980835,6.511155534958038,17.86803880558726,8.42541818181818,0.954387068364225,0.07429360501114958,1.1080015223428956,1.1105445395007238
213,64.0,8.0,4.0,16.0,1.9350888898508205,6.243934017978529,15.17066555583943,8.825536363636363,0.9544147694402546,0.048740848529099906,0.9162164212949837,1.755794056194688
214,64.0,8.0,4.0,64.0,2.125796740844538,5.9588651031000675,15.64408263599663,9.833672727272727,0.953451343208747,0.06581679605705883,1.0961901470537907,2.3483146881776182
215,64.0,8.0,16.0,0.25,6.558070121526881,9.017810153931805,20.492737093566898,8.387263636363635,0.9534512444897518,0.30930154762605,1.4628451292093574,2.3877518845797288
216,64.0,8.0,16.0,1.0,6.801904432600337,9.554238840897755,27.39310809764868,8.187881818181816,0.9548847101784921,0.23177235841369467,9.176238021039483,1.4897772553568245
217,64.0,8.0,16.0,4.0,6.260202458877359,9.527203488011114,23.537781613520323,9.888636363636364,0.9514723824181203,0.1332730248055747,2.570278561238787,0.8849885672324995
218,64.0,8.0,16.0,16.0,11.229947417593525,11.92150331160429,32.40748112357887,9.938781818181816,0.9533008035826611,0.3560193456593686,1.4998830442039044,2.067074670251825
219,64.0,8.0,16.0,64.0,6.441566531480839,9.903743603434277,27.764637569444744,11.461663636363637,0.9533501775640555,0.16617887861412237,1.3390899484889178,1.370014712776159
220,64.0,8.0,64.0,0.25,26.272275967154794,14.386449703884937,43.25286907852436,8.733763636363637,0.9529154119824068,0.40529523375969206,0.8645354907258298,1.3503397480046724
221,64.0,8.0,64.0,1.0,27.732637272498472,14.511340699345517,43.9665108842255,9.363354545454545,0.9542769705757647,0.2954142091093988,0.6561959062247122,1.317864289718673
222,64.0,8.0,64.0,4.0,62.3960184810643,15.786864289866054,51.65136356318908,6.5364545454545455,0.9524014271685294,2.2544995559539642,0.263724503349547,1.265484897624505
223,64.0,8.0,64.0,16.0,28.636486630028127,14.688185532023926,45.27943110825668,7.7695454545454545,0.9518903848692056,0.5407283768743677,0.4947969603888928,1.3981921128004982
224,64.0,8.0,64.0,64.0,29.78032370345245,14.392015711030721,45.04073131070674,12.7057,0.9539873127025414,0.2382502113437467,0.3120127403617444,1.2010129361198714
225,64.0,32.0,0.25,0.25,1.2748043464527954,5.96705031855183,14.9820097464399,12.250181818181819,0.9570606848013948,0.06398295550647459,2.3829867875424897,1.5614803371499062
226,64.0,32.0,0.25,1.0,1.0774289833802018,5.423800800811192,13.941966484657202,10.247754545454546,0.9533867575776821,0.04989275130798864,0.7539462401818638,2.472809348370478
227,64.0,32.0,0.25,4.0,1.2244475790568612,5.584166195490065,13.839084934187925,13.648400000000002,0.9559122991065506,0.0626460026213288,0.32173501532139426,2.170101537213911
228,64.0,32.0,0.25,16.0,1.0403083683695897,5.227569689222924,12.879615212138178,19.991429999999998,0.9522101526589918,0.051642496187643244,0.8076856570513875,1.2171334564533924
229,64.0,32.0,0.25,64.0,1.1086967775713767,5.051340288738076,12.09273640669316,28.826671363636365,0.9537815730023081,0.05093271284691347,1.305016880790224,2.4217529530881805
230,64.0,32.0,1.0,0.25,1.338183912017302,6.092406076141177,15.502991850290408,11.306336363636364,0.9537084685536455,0.0669361646553386,1.5383197461297575,2.126064877258935
231,64.0,32.0,1.0,1.0,1.3046807247085332,5.712056608825167,14.931554087441395,11.4343,0.9528536158897376,0.060486069669627406,0.8874282281164032,1.849351887455809
232,64.0,32.0,1.0,4.0,1.380937493021489,6.2484348861538646,14.640854018464278,12.691363636363635,0.9528070198695471,0.06749781221307351,0.21879790631049903,1.733396107106576
233,64.0,32.0,1.0,16.0,1.4486309614109885,5.7265542564833325,14.034661440562816,20.732264545454544,0.9550090651763815,0.06572578372611734,0.6893144342123617,1.234591735737797
234,64.0,32.0,1.0,64.0,1.208354661415815,5.190287073620715,11.568344836524089,26.74533,0.9532432363309885,0.05091969929413154,0.9021655931439966,2.2327965107461085
235,64.0,32.0,4.0,0.25,1.9882856527734953,6.324126571844016,16.322597221861123,11.326954545454546,0.9523722505805601,0.056624723285206,1.0958897119384108,1.8424564390378582
236,64.0,32.0,4.0,1.0,2.1256286930321924,6.092508595770473,15.869651406393427,10.5981,0.955192534318274,0.04575958272225106,0.899049958464981,1.9608269021002342
237,64.0,32.0,4.0,4.0,2.3860788812892038,6.770807914322253,15.918365353556636,14.959290909090909,0.9538896485582232,0.0968919188725489,2.8906238390193337,2.014903990699194
238,64.0,32.0,4.0,16.0,1.9401444236191,6.429977906959052,16.70623887260331,22.014590909090906,0.9553728761080273,0.045601779313073465,0.3128540546663688,2.4944360396525216
239,64.0,32.0,4.0,64.0,1.913253208987988,6.546246592864677,15.472522116109957,27.933953272727273,0.9531500285545356,0.06208001537795625,1.1740014274510426,1.3192088382614433
240,64.0,32.0,16.0,0.25,5.047963692402426,8.175817435792913,19.814856369741516,11.422245454545454,0.9537544712032866,0.20065873740954568,1.360519095386269,1.1655607283922393
241,64.0,32.0,16.0,1.0,5.707945192029659,9.508632336996751,22.52197448242102,11.456000000000001,0.9521412423682963,0.12655251945662618,1.0449935064974796,3.1559906737389567
242,64.0,32.0,16.0,4.0,5.980352077560621,9.188403186500514,25.718830701060373,12.259481818181818,0.9521621477482539,0.23763074895327552,1.166318802583172,2.083063865742078
243,64.0,32.0,16.0,16.0,6.863153203940142,8.86571039578947,19.29976247650541,17.585354545454546,0.9544898119528741,0.4382533871815192,1.7408788557994563,2.0418130300671673
244,64.0,32.0,16.0,64.0,6.415618787682671,9.188605784538229,23.68370690401317,34.02817685454546,0.9532460404618031,0.16059918371230522,1.274908244869844,2.0931535631290097
245,64.0,32.0,64.0,0.25,41.53334145958215,15.228249548305326,48.234144429768506,13.957045454545455,0.9517656614005482,0.8728947314431624,0.75509613803357,1.2315463143128316
246,64.0,32.0,64.0,1.0,40.87695650261162,15.208184907186272,47.947337685726445,11.189109090909092,0.9536037158319257,0.8011221687215413,0.35251095525364273,0.9778715629129004
247,64.0,32.0,64.0,4.0,36.305375228974505,15.115796692962947,46.710451043122795,9.808172727272728,0.9513579259311258,0.5594671505609328,0.6506491954158403,0.8998930280780439
248,64.0,32.0,64.0,16.0,40.723637812829566,14.973552797960263,48.36336239099172,23.694691818181813,0.9530415436399975,1.5472311661535612,0.7297563793698525,2.2307784111618494
249,64.0,32.0,64.0,64.0,24.537581504476826,13.81192682207337,42.929966230054525,33.909820999999994,0.9525730753691035,0.2350272808959609,1.9850745612742018,2.0872930505446083
250,64.0,64.0,0.25,0.25,1.0863124658383303,4.928279825684606,10.68375472079378,20.146204545454548,0.9522737715830495,0.06068733430029182,0.39691649854522204,4.476650677468518
251,64.0,64.0,0.25,1.0,1.1113453469680523,4.625946636936614,8.683222267663558,22.288556363636363,0.9540808881583582,0.066576973192891,0.3283300652423138,4.920006967192541
252,64.0,64.0,0.25,4.0,1.1732411827125768,5.628192127583746,14.585363717150308,24.097913636363636,0.952713957877354,0.07138057711430897,0.607456386705429,4.2221325601089585
253,64.0,64.0,0.25,16.0,1.2255056823570096,5.737912057922692,13.695058388469716,36.62160945454545,0.9549439651908498,0.08389041706785148,1.016704235198061,4.966030583915933
254,64.0,64.0,0.25,64.0,1.0578994228129983,5.57316832408481,14.686985442783874,52.069627272727274,0.9562939754345461,0.059494665359193115,0.4035390352507125,1.9535818125553646
255,64.0,64.0,1.0,0.25,1.1516486329526163,5.419087867421762,13.155756634825417,24.904985454545454,0.9540777146894452,0.03647956468320893,0.8006871103113947,4.154732895075783
256,64.0,64.0,1.0,1.0,1.2599511750377592,5.274454786003485,13.935324145703134,21.87275727272727,0.9513842229845244,0.05125722900463499,1.2153093491930773,2.5178950890163323
257,64.0,64.0,1.0,4.0,1.4696668497825163,6.326584804802914,15.04304281277693,25.46266363636364,0.9531735121149781,0.08945232460551655,0.6192408120320666,2.615624703286257
258,64.0,64.0,1.0,16.0,1.3735945537428251,5.355932738104591,12.14039912315011,37.000942969090914,0.9548278809494821,0.06625115985690162,1.045174056414231,4.151672820208204
259,64.0,64.0,1.0,64.0,1.2268278078527832,5.539172149362744,14.36571094833869,51.27990909090909,0.9561251432161342,0.05408513832216343,1.264912063813652,3.0717791789877764
260,64.0,64.0,4.0,0.25,2.114242036396605,6.2344914699341425,13.114755592925958,22.39854909090909,0.9523381345413668,0.08036583088710958,1.232406700017254,2.5548068722399795
261,64.0,64.0,4.0,1.0,2.128607553806886,5.73425504941361,10.593845725957271,26.679850909090906,0.9523437113943358,0.11209111324951947,0.6837276476338009,4.071109321384383
262,64.0,64.0,4.0,4.0,1.8968600074573745,5.285588433065597,10.053956401385236,24.930344545454545,0.956454915046958,0.07027804570133821,0.6642083435731259,2.317210292784932
263,64.0,64.0,4.0,16.0,2.388126750345449,7.389537428388953,18.994045276771605,37.497392363636365,0.9551268134225529,0.112866567960517,1.337814085042667,3.8074597963358783
264,64.0,64.0,4.0,64.0,1.8855293612899608,6.069711063063153,14.959634469266875,50.45207272727273,0.953103287728411,0.031449701650112245,2.5443255828688796,2.937055005548898
265,64.0,64.0,16.0,0.25,7.261590383085844,9.600748832514785,24.76494760614122,24.566116363636365,0.9544242331779995,0.20132975748366447,1.1780061733791771,3.9714509067073682
266,64.0,64.0,16.0,1.0,6.851211033846261,8.956884790152719,17.499021126580395,30.322630836363636,0.957714759251662,0.3558306467282064,5.031044659509668,4.123833509217241
267,64.0,64.0,16.0,4.0,7.054691180355897,10.092557235369501,24.37084089482804,25.033876909090907,0.9515747292123392,0.09444656102194289,2.8936767968097215,3.4485127904929858
268,64.0,64.0,16.0,16.0,5.006172976620757,7.882589565227492,17.187157444532644,39.40211336363637,0.9523137652899158,0.3077800729361388,0.32541715335586163,5.4584276008559
269,64.0,64.0,16.0,64.0,7.297783621392146,10.22350610608275,28.285965289620922,53.88729999999999,0.9512492393934114,0.2411230441307602,3.5589849579961648,1.623199475782882
270,64.0,64.0,64.0,0.25,29.194385180830043,14.5151115616818,45.419161722966756,26.53134818181819,0.9529214823609921,0.5912729784877385,0.6008541208239356,2.030479494444682
271,64.0,64.0,64.0,1.0,23.688474754873088,14.121857939974154,41.01819453510338,23.73942181818182,0.9517458485890833,0.34729134605755024,2.3183574760087797,3.6768669197783495
272,64.0,64.0,64.0,4.0,13.808780009057145,12.359591692730794,32.266297844648804,34.872986090909095,0.9531337832786491,0.8197808533401395,2.9090881990202915,3.889645185760883
273,64.0,64.0,64.0,16.0,34.047334022943346,14.772634938638863,46.39647632603419,39.27194827272727,0.9518852086997801,0.3013330997692034,0.9423030055073578,6.74909723119403
274,64.0,64.0,64.0,64.0,19.158838355154106,13.141235456727118,40.671969633329454,54.65302727272728,0.95517917779785,0.39853241419115554,1.503685563315247,1.9082607898249837
275,64.0,128.0,0.25,0.25,1.0987769891489927,5.173011057349817,13.26486891925046,62.232889,0.9549653574762414,0.05390022453750863,0.9510534333975958,6.504605548468715
276,64.0,128.0,0.25,1.0,1.187209123707773,5.39993611076566,12.878829109154548,59.9226750090909,0.9546904134062104,0.05281517952735465,0.5679759213663721,7.193861833994968
277,64.0,128.0,0.25,4.0,1.054328852382258,5.586416708182213,14.773484413967305,72.78405290909092,0.9534400997709812,0.061159483579461625,0.687622032743492,4.695565013580086
278,64.0,128.0,0.25,16.0,1.0838637368368838,5.29223798228745,13.164855810305765,93.2865909090909,0.9551946227246672,0.053773777760354184,0.5615786567521741,3.363951157480938
279,64.0,128.0,0.25,64.0,1.0759573616114964,5.56813985058174,14.890683425817764,102.84493636363636,0.955067600140528,0.05810917641973638,1.2092040180553592,1.7481257590879378
280,64.0,128.0,1.0,0.25,1.2907722642865562,4.990227302732634,12.787156322837228,57.20859336363637,0.9538331392993449,0.05623503514367664,0.30354944553118784,6.407849638452573
281,64.0,128.0,1.0,1.0,1.2462798495623568,5.3879839191371515,13.694722752829227,56.28455090909092,0.9556858504592066,0.05723505005497638,1.230903350057627,4.532149357021868
282,64.0,128.0,1.0,4.0,1.2190362776319252,5.3509753351751295,13.29367140066281,71.39716636363636,0.9525028755362502,0.04822056748391685,0.8726966541153799,2.9548660961086264
283,64.0,128.0,1.0,16.0,1.3070797542769264,6.0588514429674625,15.399837359309375,90.03527272727273,0.954862919648102,0.0754669741597589,0.4129976642108735,2.6667882900225974
284,64.0,128.0,1.0,64.0,1.258179945745573,5.61565068930824,14.43254988736529,105.30782727272727,0.9522212985688504,0.06127917616530846,1.0302975372615675,2.1354117142266054
285,64.0,128.0,4.0,0.25,2.0486391661727303,6.204856614880444,15.886097447225444,55.04304763636364,0.9515930822754991,0.05182565572485161,0.9828347441805289,6.049895135345847
286,64.0,128.0,4.0,1.0,1.9724602261551825,5.9471218413267275,14.008144798097328,62.90213972727272,0.9530156841124267,0.04693671247021234,0.6300490944741959,4.9688888310902195
287,64.0,128.0,4.0,4.0,1.7875547360666106,5.45893126093335,12.429601088581979,73.1050509090909,0.9554463000700173,0.04904423194126776,0.5254057497714469,4.804036648680233
288,64.0,128.0,4.0,16.0,1.974456737993573,6.575864348332073,18.70005364261949,89.06186363636363,0.9555174089810502,0.07588608383367562,0.300583229148842,4.847568094373382
289,64.0,128.0,4.0,64.0,2.1503264116444605,6.495314524587003,16.445391616208653,107.54610909090907,0.9532631831752871,0.05501484723350298,0.8594500702939277,1.8488568608022493
290,64.0,128.0,16.0,0.25,7.203663640138292,9.405820252717007,18.9516627558416,66.92001909090908,0.9507572006967482,0.4917414699118964,0.6311626203871014,4.002079036767706
291,64.0,128.0,16.0,1.0,6.412194897566498,8.971172518160362,21.762880913244864,66.72975509090908,0.9538281221274021,0.28806294818790684,2.8418204238359746,5.694772702451791
292,64.0,128.0,16.0,4.0,5.6314863200069265,7.917926119474288,17.8130195673541,74.44927,0.9526978028091505,0.35388730111233824,1.2439962853985707,6.178659243228038
293,64.0,128.0,16.0,16.0,6.3247869759219,9.850738908952401,28.024838275234366,91.18009090909091,0.9558271902292471,0.2092335557793554,3.0405291380097412,5.332881612557488
294,64.0,128.0,16.0,64.0,6.5135409483478455,9.88352727692266,28.322290114455782,109.37487272727275,0.9559133839172829,0.19136692940056432,1.051306327892154,2.3020478322535944
295,64.0,128.0,64.0,0.25,10.953970050243953,11.004398283019528,22.506959866895674,61.44850618181818,0.9528866241643235,1.1105750121763347,2.1328464547310593,7.384076733834795
296,64.0,128.0,64.0,1.0,13.774385179165792,12.305706697477497,29.78870263531512,70.1323329090909,0.9516089936384413,0.853435946238298,3.805013102648206,5.807268573760746
297,64.0,128.0,64.0,4.0,14.478943509990444,12.347749356611963,31.37341037828007,74.29329454545454,0.950060220563372,1.1149169524158022,0.6807082947821105,3.9880693720654627
298,64.0,128.0,64.0,16.0,22.980301119235435,13.969269362564381,39.82407593729119,96.08462727272726,0.9510938875644517,0.6092514799118155,3.3790569155415158,4.500367324016383
299,64.0,128.0,64.0,64.0,14.036190158224379,12.121779775641876,30.69959080752053,107.92069090909091,0.9563023669693307,0.6526663386383069,5.034687800907363,3.775274921104069
300,128.0,8.0,0.25,0.25,1.1226466104244872,7.81235452636145,16.037407126868292,7.26201818181818,0.9545092381194338,0.04542459903204752,3.681062396540899,1.311684023631927
301,128.0,8.0,0.25,1.0,1.0772864121511998,7.3063662434769405,14.261875370404276,8.904263636363638,0.9525069596261887,0.04015142642809888,0.7670006775203301,0.9376953859647094
302,128.0,8.0,0.25,4.0,1.12939828945574,7.521352957036572,16.29737652399656,8.577954545454547,0.9531491162404985,0.03736183914614238,1.806575568404549,1.084913492457211
303,128.0,8.0,0.25,16.0,1.079519891938833,7.328359135922946,16.712867855187394,9.804699999999999,0.9558879917363372,0.03591460516384827,0.5509288114636322,1.0915121096234088
304,128.0,8.0,0.25,64.0,1.071514421797341,7.785736747970811,17.513021802918825,8.066636363636363,0.9561913560455668,0.03249554286761078,0.8587008318239558,1.1241362771420456
305,128.0,8.0,1.0,0.25,1.247900627791001,8.43411494289525,21.592308535173206,9.045372727272728,0.9551483819506985,0.03864416386139284,2.3863479574980175,1.5638176300851994
306,128.0,8.0,1.0,1.0,1.2938463546070424,7.763907425514772,18.68610121252004,8.60619090909091,0.954548547680625,0.035953242226024244,0.5743073355032702,1.3325828061970115
307,128.0,8.0,1.0,4.0,1.2553512475087578,7.678062013402842,19.56692443896885,9.312427272727273,0.9556385313596027,0.03394308704956807,1.453763941922013,1.43631338824652
308,128.0,8.0,1.0,16.0,1.2099827079200651,8.145980349650294,20.111666569540816,7.2081454545454555,0.9532335726265385,0.03718306690121039,0.8142658716417817,1.1027455037839435
309,128.0,8.0,1.0,64.0,1.2150242583122433,10.021465323335878,27.676753437391866,8.925681818181816,0.9551034581016611,0.06302498891645616,1.7072077412119164,0.9106616953104952
310,128.0,8.0,4.0,0.25,1.9226394307162231,10.027734639204413,27.705104275092392,8.269309090909092,0.9542723857043256,0.05779432845199585,2.3072487046497656,0.8694568235968783
311,128.0,8.0,4.0,1.0,1.9855187941253711,6.8181968933610255,15.054257085652683,9.98608181818182,0.9543290865774965,0.05900028888581373,0.46437640091853255,0.620877166622399
312,128.0,8.0,4.0,4.0,2.057590524355522,8.275571898249865,18.940164491669325,9.473263636363637,0.9553918786787731,0.0528303307914826,2.4054265765583214,0.6133505260196612
313,128.0,8.0,4.0,16.0,2.021875850690132,9.207677600978615,21.050668783711593,10.957845454545453,0.9535963071351373,0.0432501622246345,1.536053980066303,1.47179698041892
314,128.0,8.0,4.0,64.0,2.0918784115013254,7.657568798948936,14.96264316553477,11.365727272727272,0.9556687436790723,0.0904921201032411,4.6641008612057275,1.396246478690707
315,128.0,8.0,16.0,0.25,6.651047326833771,16.38065640025183,41.08972169004715,11.537845454545455,0.9531832599208279,0.18042215579719117,4.718451600145624,1.2496019521603576
316,128.0,8.0,16.0,1.0,8.468737915964384,18.22769678337843,45.17318665277376,10.956790909090909,0.9530930009985458,0.22169078444595383,0.6815127181267201,1.9049317957031933
317,128.0,8.0,16.0,4.0,6.601647453977795,16.565904968994314,36.377356337870985,10.40099090909091,0.9517484810167832,0.2036764047308003,3.805987821877079,1.8768582067111985
318,128.0,8.0,16.0,16.0,6.860218671437298,17.68296489295557,39.64327084697004,11.28110909090909,0.9537020298143514,0.10940316280219255,3.326017099719481,1.2242934403561814
319,128.0,8.0,16.0,64.0,7.169670532314574,16.63170509177627,44.32881795377603,14.009527272727274,0.9542967871133394,0.20173587748430705,2.900699281601288,1.3312755285411662
320,128.0,8.0,64.0,0.25,79.40311855799828,29.89511824544975,95.89517759918819,7.033554545454546,0.9519386359070148,3.3399360090876145,0.7652804794074245,1.6278485530202902
321,128.0,8.0,64.0,1.0,74.16225865802797,29.541252241265905,95.88876235182651,7.70598181818182,0.9518237130637118,3.193740686442221,1.243050107287207,0.783362701108243
322,128.0,8.0,64.0,4.0,29.46458644716432,25.293246972316123,79.58426156617833,11.873345454545456,0.95351301114514,1.395774817293066,1.2940317161355677,1.3971062231781015
323,128.0,8.0,64.0,16.0,44.113175425614344,27.27777251159854,86.16778498387409,11.067163636363636,0.9530225573965609,1.517776563589757,3.61849348735349,0.9751759107256002
324,128.0,8.0,64.0,64.0,20.15888861044939,23.60778356424896,62.89095955092865,16.508727272727274,0.954236549558607,0.38760675657200844,5.4331215543586895,0.8823126503074532
325,128.0,32.0,0.25,0.25,1.1840128356505577,8.169247386846576,18.013611897037844,14.743390909090909,0.95408133407049,0.05388222628810647,1.3271021233639504,3.005946495760013
326,128.0,32.0,0.25,1.0,1.1341482903827038,8.5049751008388,19.90077473090358,12.760581818181818,0.9543790221186645,0.04228835249480281,2.3548113675919886,1.5495336341318262
327,128.0,32.0,0.25,4.0,1.21441409862359,8.596702339578588,17.985151115934148,19.146345454545454,0.9562855237232253,0.052536275926630724,3.443753777448435,1.9077745942535607
328,128.0,32.0,0.25,16.0,1.1904491144668599,9.753252611971543,27.977336676094698,23.36042727272727,0.9537406918550658,0.06553245348031539,2.1293315444728314,2.2554718442413098
329,128.0,32.0,0.25,64.0,1.128866963803623,7.947704104335629,17.627916396740833,30.44414545454545,0.9552224081721313,0.044814123691687933,0.5308969759885561,1.005029262679935
330,128.0,32.0,1.0,0.25,1.3661563320267527,7.851526690036749,17.13109714694907,17.13222727272727,0.9542103771789442,0.04057820289790973,0.4693535601396164,2.2214436436658653
331,128.0,32.0,1.0,1.0,1.3756360092618942,8.452748945741307,21.928312436164077,15.123409090909092,0.9555092934645789,0.04053100669756538,1.4262121075363399,1.0701958703090038
332,128.0,32.0,1.0,4.0,1.3738502753972845,8.280587813644816,18.423521541411912,21.404918181818182,0.9534655240253039,0.04701230101980173,1.4270966606351303,1.936542632827981
333,128.0,32.0,1.0,16.0,1.2089476640585928,6.8533466655427935,12.233292004184204,24.290763636363636,0.9535855253419203,0.044974178045726676,0.4578747567294897,2.755513985801999
334,128.0,32.0,1.0,64.0,1.1885920933288108,7.39154885519915,16.662351319270382,29.637900000000002,0.9545776596083378,0.03398043005193002,1.2686324273735445,1.6067594762581783
335,128.0,32.0,4.0,0.25,2.208486676080026,7.959841838073678,14.395914443729792,18.4482,0.9523160485143344,0.06955416418299284,0.7117157387130087,2.5004194077285224
336,128.0,32.0,4.0,1.0,2.236887934898113,10.790152528037206,26.828624412970182,16.196136363636363,0.9524886303936136,0.06717723645188711,2.1889574817622246,1.7295842476117713
337,128.0,32.0,4.0,4.0,2.0531122186091713,10.396167554390928,29.078790501540833,18.533018181818182,0.9533456626163179,0.06393101445536829,4.734002546174501,1.4026978770265799
338,128.0,32.0,4.0,16.0,2.2623856218943055,10.100026915187627,22.778387021458233,24.940063636363632,0.9544982382202837,0.05629708439393039,2.159841673581138,1.5489585441208429
339,128.0,32.0,4.0,64.0,2.0520933072610386,8.268633258932779,16.914032928933977,32.81395454545455,0.9533847919014793,0.06586756366855082,2.0261230431168706,2.8550868352862393
340,128.0,32.0,16.0,0.25,8.532494320926418,17.830124826521924,48.04263701557902,18.343054545454546,0.9524447210469847,0.2884960924582949,4.640266188359573,1.6902277083623103
341,128.0,32.0,16.0,1.0,7.7042554733431325,16.88371982856268,42.2122417878691,16.872890909090913,0.9557818136940193,0.16711478664806123,4.016807407565737,1.882491751257817
342,128.0,32.0,16.0,4.0,8.784769625562175,16.981198238046392,44.79673895536175,19.293845454545455,0.9536196611784307,0.17518889703153642,4.719993894258404,2.431435775370608
343,128.0,32.0,16.0,16.0,7.096711252953734,17.71264990282193,42.04903355057529,23.225236363636363,0.9530275281427596,0.20378449511624055,2.982106593162246,1.7028588177600454
344,128.0,32.0,16.0,64.0,6.78465936347168,17.463534454779957,46.14313623492991,29.362045454545452,0.9523623709722223,0.2354321678500701,1.4318895145799118,1.0807114679806036
345,128.0,32.0,64.0,0.25,20.553096127697277,22.04003793241252,57.800546671719694,21.83600909090909,0.9539471175532545,0.7344093959895102,1.1725194067837388,0.9156506444297569
346,128.0,32.0,64.0,1.0,39.60286344485255,26.84715279822409,84.02554304875663,19.58302727272727,0.9521304599628155,0.9118297899084109,0.9027552531912568,1.4989232748215149
347,128.0,32.0,64.0,4.0,46.279634731698664,28.469833256253153,84.67093396321192,16.788254545454546,0.953709958805884,1.3570610394988933,1.145452576114318,1.1499973259760512
348,128.0,32.0,64.0,16.0,34.60327574233598,26.91962053335893,81.6947171683136,24.2938,0.9522905129849182,1.0277783010800632,2.139643421445871,2.684371122899095
349,128.0,32.0,64.0,64.0,27.357148831462837,25.17804751618984,75.71130584729165,36.35913636363637,0.9524318888865748,0.6261259262789237,2.7020767676096327,1.3760567075211867
350,128.0,64.0,0.25,0.25,1.266439889114877,6.99059444857675,11.084026448015443,32.5098,0.9526384718711034,0.053671423834163276,0.9221149403920941,3.0874286562239335
351,128.0,64.0,0.25,1.0,1.1385224999720103,7.679031550801823,16.055409533092504,29.385963636363634,0.9546131936941599,0.05257394163574599,0.40150000468186614,2.529489241391244
352,128.0,64.0,0.25,4.0,1.1661301139819722,8.296709747544673,20.766730786431363,39.43678181818182,0.9556030394486398,0.05596996692693726,0.6114633978899466,2.835284816162274
353,128.0,64.0,0.25,16.0,1.1690975795884828,7.270593785143145,14.656884760093446,50.587156363636375,0.9528787802277796,0.04872005506224419,0.9019174407607121,2.053289291623532
354,128.0,64.0,0.25,64.0,1.2111220894010999,7.966876605991022,22.909921871333726,54.749432727272726,0.9540832311174863,0.05073477488707405,0.6535545470278304,1.6240413231088946
355,128.0,64.0,1.0,0.25,1.5011443309043122,7.539404731687929,13.735814665232168,31.64645454545454,0.9526433043164777,0.06020545465402941,0.6816191215317718,4.558828449655507
356,128.0,64.0,1.0,1.0,1.3827225621540122,7.338458115673399,14.069354234054487,36.4203,0.9533706649247665,0.056863183941434095,0.6745422547543657,3.12558915813556
357,128.0,64.0,1.0,4.0,1.3932419781297747,8.139779538378594,17.836873988581612,37.5257,0.9531787519346823,0.04803893681428446,1.4425725866793409,2.8693774399209455
358,128.0,64.0,1.0,16.0,1.3507656537740098,7.197147875363803,14.997115627770405,48.29552727272728,0.9533902752339934,0.05656123131507968,0.46035979745488154,1.7378263780266683
359,128.0,64.0,1.0,64.0,1.3170141099676802,8.578491392277819,23.5359742128307,58.83929090909091,0.9540420223903369,0.037056271538373514,0.7465387176494155,1.5099444677775071
360,128.0,64.0,4.0,0.25,2.2718146628586147,8.613356335380745,15.399663330316573,34.191863636363635,0.9530887846247056,0.060545939330719306,3.123246374763266,4.487786064272414
361,128.0,64.0,4.0,1.0,2.243007883459896,8.032450337131744,15.912319842291197,33.09389090909091,0.9535540607682792,0.07129562636453513,1.2720424132020614,3.393131885134639
362,128.0,64.0,4.0,4.0,2.1519269644780907,9.7365227723954,21.40141278442651,42.82025454545454,0.9532776753179966,0.08801060474575473,1.4660365090169087,2.1348745146702264
363,128.0,64.0,4.0,16.0,2.031154795187891,8.113681380716939,17.596163192902267,53.333183636363636,0.9533972006580387,0.05247361846012502,0.6233172981343128,2.7132414939976144
364,128.0,64.0,4.0,64.0,2.0134851939872465,8.303773587490996,21.509629933488768,57.43396,0.9536579506788475,0.041949618232490174,1.0512974691669008,1.8687774803136075
365,128.0,64.0,16.0,0.25,8.800800996768597,16.72294465672978,42.270594554698285,39.83832727272728,0.9533060682874971,0.14598108521360625,2.320555007159963,1.990575417534478
366,128.0,64.0,16.0,1.0,11.100079045567705,18.27852998797666,49.896835130441836,37.4115,0.952230246038224,0.2872143824380637,3.345694356193154,2.9918925652199113
367,128.0,64.0,16.0,4.0,9.185996533125243,14.346164689704109,25.639027712916185,45.24403636363637,0.9530463642897544,0.4319002626382759,5.867574024934688,1.1747170369325135
368,128.0,64.0,16.0,16.0,8.552373671871655,17.468854941221675,51.03286515569949,54.27456272727272,0.9543515232274882,0.24061120247536574,8.410920700442622,2.106756773669342
369,128.0,64.0,16.0,64.0,8.697287159204292,17.155232521926237,52.80790064762436,56.568266363636354,0.9515625757590851,0.34003397046941536,15.3676097414612,1.0185672224816824
370,128.0,64.0,64.0,0.25,33.49949771625308,25.6747559336848,71.56875137775916,34.62015454545455,0.9532591427319552,1.138567867387414,0.3980298489875583,2.0939290716317958
371,128.0,64.0,64.0,1.0,18.507167168394094,21.285762633720445,52.27437034499431,39.55430909090909,0.9538760305797074,0.6413470870141841,1.7365033302591826,1.6422928785719886
372,128.0,64.0,64.0,4.0,16.11019405931849,19.44259121620101,37.14094187968392,42.390772727272726,0.9545007565605247,1.0604635098875255,3.6244966260824003,1.3714741134274657
373,128.0,64.0,64.0,16.0,50.42811917209667,27.963106675175766,86.73320469386415,54.38971545454546,0.9550056352693774,0.8559697473499649,2.191278713723223,1.8091537100552322
374,128.0,64.0,64.0,64.0,35.24985489426398,26.074616004956635,83.27486406075363,60.29145518181818,0.9521102076170687,1.313354459589994,2.069668689876406,1.6539028354510064
375,128.0,128.0,0.25,0.25,1.267721175918037,8.273353483945622,15.379083242713994,75.84263181818181,0.953062993364729,0.08032966323797375,0.8810324118890943,4.824823854440545
376,128.0,128.0,0.25,1.0,1.150331690251533,7.773695072583677,16.452943130093306,71.733248,0.9542586551089572,0.05844820589948891,1.1583586943266286,5.322373025438592
377,128.0,128.0,0.25,4.0,1.1178692370283287,8.022977580756129,16.900464611255888,84.45799090909091,0.9542284274583955,0.06322421235187257,0.5035764840749309,3.4436058658052424
378,128.0,128.0,0.25,16.0,1.1537578980225331,6.745943346101783,13.284121665517581,99.69009090909093,0.9537740235973531,0.05877375840283548,1.1895435026879464,1.537836225146196
379,128.0,128.0,0.25,64.0,1.2085725366659115,7.363314237873641,16.977110097139974,109.73673636363637,0.9537050701237118,0.05038654319241395,0.8533983659223486,1.2203019985923935
380,128.0,128.0,1.0,0.25,1.4344297470463174,8.363523748971506,19.098440562591342,75.64742,0.957424364453725,0.05783278277365719,1.4455906593683814,5.400841234339839
381,128.0,128.0,1.0,1.0,1.4272997681329629,8.537442282227556,17.91274398024299,75.8435690909091,0.9545305989008177,0.06905864696709363,1.5501295774061619,4.759043744329803
382,128.0,128.0,1.0,4.0,1.2673414772971614,7.451405465605324,14.083104560279374,85.4337,0.9554126359652971,0.052117653979873224,1.2998330983271382,3.8716563920603555
383,128.0,128.0,1.0,16.0,1.3722004547126818,10.20312140645976,26.382330117416213,98.80837272727271,0.9531077735553585,0.06805437856076355,1.7033124914676,1.80001759541446
384,128.0,128.0,1.0,64.0,1.3545608454268858,8.51697029237856,19.730463378470038,110.99117272727273,0.9542112899693387,0.04330854782002402,2.7235362261808618,1.3360331236305574
385,128.0,128.0,4.0,0.25,2.7712335735740052,10.768191121431023,25.211504451620304,77.78239818181818,0.9543474858967856,0.11314142068259524,1.6509902602045683,4.558916609528303
386,128.0,128.0,4.0,1.0,2.4781654188378925,9.042207502795007,14.306517947873253,77.60093181818182,0.953610080095846,0.1176337405497911,0.21111084165463037,5.254960753028458
387,128.0,128.0,4.0,4.0,2.4314135281554194,9.281180259405007,17.514179222054448,89.40759090909091,0.953104146262066,0.08096145803195222,0.3439321604228564,3.5272658493138196
388,128.0,128.0,4.0,16.0,1.9266534755452935,10.882788082075027,31.570027537919415,99.15947272727273,0.954390234913336,0.08227835628323202,3.779426650029256,1.7786419830313376
389,128.0,128.0,4.0,64.0,1.9529933373845092,10.151481128765237,24.857411680978725,107.37997272727272,0.9526559075419518,0.05113509959809905,1.5454959861361628,1.2464917321615518
390,128.0,128.0,16.0,0.25,12.070255316347867,15.212489692345747,29.19001265721442,78.96769545454545,0.9528441526312756,0.7625118767981055,0.24827686882569822,5.283692831484373
391,128.0,128.0,16.0,1.0,8.761085109315397,15.069764541016717,33.66821973620414,82.45483636363637,0.9509496813704158,0.23268977831959034,0.9076362028870775,4.441319482944993
392,128.0,128.0,16.0,4.0,13.3663257496617,18.527303294689247,48.37442822781693,90.24051818181817,0.9525418308769789,0.410856363304549,1.0473387127334042,2.6906012882619197
393,128.0,128.0,16.0,16.0,8.329285985084535,14.333208150883781,26.198012389759608,105.75076363636366,0.9546427353080915,0.4131352460316745,0.869260739266614,1.603898527323476
394,128.0,128.0,16.0,64.0,7.414819355478929,17.025229444185197,54.01118848114147,113.61079090909092,0.9544960475104808,0.3832900506985243,5.6911054095713105,1.5767884884124703
395,128.0,128.0,64.0,0.25,18.48176768340248,19.095162876946713,33.09732741627923,80.05680909090908,0.9524373837661855,1.6409064469951193,1.3226718214787785,5.7426049065281335
396,128.0,128.0,64.0,1.0,18.138423505440603,19.017044210786935,27.869616905284875,85.72013636363637,0.9535051744344194,1.8334018696033991,0.567521323636327,3.4211866169165033
397,128.0,128.0,64.0,4.0,22.485896730544233,22.442019730052618,50.60617899178385,91.4991,0.9524618963669895,1.4022107460981297,2.1450000287328574,3.531414329338113
398,128.0,128.0,64.0,16.0,25.201731439754536,23.147675714182718,63.4262575436647,105.94626363636362,0.953493594177075,0.8901058148380142,3.3027038444991845,1.6976496293794625
399,128.0,128.0,64.0,64.0,20.520774491705787,23.481924352368154,67.7728966635833,115.76231818181817,0.9518420969588928,0.4447269399935344,0.3979363822490827,1.6560385282179115
